report_id,crime_type,template_group,prediction,characters
INF-0014240,Arson,informal-Arson-16,Robbery,86
SYN-0005880,Burglary,Burglary-7-layout1,Vandalism,793
INF-0017853,Robbery,informal-Robbery-17,Theft,99
INF-0042320,Arson,informal-Arson-16,Robbery,111
INF-0002445,Robbery,informal-Robbery-17,Theft,113
INF-0039453,Robbery,informal-Robbery-17,Theft,86
SYN-0000120,Burglary,Burglary-7-layout1,Vandalism,385
SYN-0005560,Burglary,Burglary-7-layout2,Vandalism,360
SYN-0011768,Burglary,Burglary-7-layout3,Vandalism,656
INF-0045344,Arson,informal-Arson-16,Robbery,115
INF-0033536,Arson,informal-Arson-16,Robbery,155
INF-0030656,Arson,informal-Arson-16,Robbery,70
INF-0002301,Robbery,informal-Robbery-17,Theft,84
INF-0009933,Robbery,informal-Robbery-17,Theft,81
INF-0020720,Arson,informal-Arson-16,Robbery,91
INF-0005744,Arson,informal-Arson-16,Robbery,83
SYN-0000632,Burglary,Burglary-7-layout3,Vandalism,329
INF-0004016,Arson,informal-Arson-16,Robbery,72
INF-0041469,Robbery,informal-Robbery-17,Theft,82
INF-0020290,Burglary,informal-Burglary-16,Vandalism,102
INF-0016413,Robbery,informal-Robbery-17,Theft,115
INF-0039021,Robbery,informal-Robbery-17,Theft,116
INF-0033824,Arson,informal-Arson-16,Robbery,60
SYN-0011128,Burglary,Burglary-7-layout5,Vandalism,479
INF-0040173,Robbery,informal-Robbery-17,Theft,103
INF-0001723,Cybercrime,informal-Cybercrime-17,Robbery,99
INF-0002877,Robbery,informal-Robbery-17,Theft,105
SYN-0000952,Burglary,Burglary-7-layout2,Vandalism,391
INF-0004893,Robbery,informal-Robbery-17,Theft,81
INF-0030512,Arson,informal-Arson-16,Robbery,90
INF-0027501,Robbery,informal-Robbery-17,Theft,77
INF-0006176,Arson,informal-Arson-16,Robbery,76
INF-0022461,Robbery,informal-Robbery-17,Theft,95
INF-0032541,Robbery,informal-Robbery-17,Theft,104
INF-0015392,Arson,informal-Arson-16,Robbery,94
INF-0021597,Robbery,informal-Robbery-17,Theft,70
INF-0019869,Robbery,informal-Robbery-17,Theft,111
INF-0001725,Robbery,informal-Robbery-17,Theft,96
INF-0019149,Robbery,informal-Robbery-17,Theft,91
INF-0007040,Arson,informal-Arson-16,Robbery,127
SYN-0004728,Burglary,Burglary-7-layout1,Vandalism,440
INF-0027068,Fraud,informal-Fraud-17,Theft,93
INF-0014384,Arson,informal-Arson-16,Assault,109
INF-0015117,Robbery,informal-Robbery-17,Theft,81
INF-0037437,Robbery,informal-Robbery-17,Theft,83
SYN-0007160,Burglary,Burglary-7-layout3,Vandalism,352
INF-0032397,Robbery,informal-Robbery-17,Theft,117
INF-0002156,Fraud,informal-Fraud-17,Theft,75
INF-0008048,Arson,informal-Arson-16,Robbery,99
INF-0016989,Robbery,informal-Robbery-17,Theft,128
SYN-0000056,Burglary,Burglary-7-layout0,Vandalism,341
SYN-0004280,Burglary,Burglary-7-layout0,Vandalism,378
SYN-0006456,Burglary,Burglary-7-layout4,Vandalism,520
INF-0029661,Robbery,informal-Robbery-17,Theft,114
INF-0034701,Robbery,informal-Robbery-17,Theft,116
INF-0045789,Robbery,informal-Robbery-17,Theft,112
SYN-0002808,Burglary,Burglary-7-layout1,Vandalism,373
INF-0031808,Arson,informal-Arson-16,Robbery,98
INF-0039165,Robbery,informal-Robbery-17,Theft,88
INF-0043053,Robbery,informal-Robbery-17,Theft,106
INF-0006320,Arson,informal-Arson-16,Robbery,87
SYN-0002424,Burglary,Burglary-7-layout1,Vandalism,360
INF-0042464,Arson,informal-Arson-16,Robbery,103
SYN-0005496,Burglary,Burglary-7-layout1,Vandalism,438
INF-0027645,Robbery,informal-Robbery-17,Theft,75
INF-0021728,Arson,informal-Arson-16,Robbery,84
SYN-0009720,Burglary,Burglary-7-layout1,Vandalism,377
SYN-0002744,Burglary,Burglary-7-layout0,Vandalism,413
INF-0005600,Arson,informal-Arson-16,Robbery,82
INF-0018128,Arson,informal-Arson-16,Robbery,79
INF-0026192,Arson,informal-Arson-16,Robbery,81
INF-0040317,Robbery,informal-Robbery-17,Theft,124
INF-0004749,Robbery,informal-Robbery-17,Theft,91
INF-0047373,Robbery,informal-Robbery-17,Theft,125
INF-0037005,Robbery,informal-Robbery-17,Theft,103
INF-0016988,Fraud,informal-Fraud-17,Theft,107
INF-0039872,Arson,informal-Arson-16,Robbery,68
INF-0015549,Robbery,informal-Robbery-17,Theft,91
SYN-0010488,Burglary,Burglary-7-layout1,Vandalism,376
INF-0004880,Arson,informal-Arson-16,Robbery,68
INF-0046496,Arson,informal-Arson-16,Robbery,66
SYN-0006584,Burglary,Burglary-7-layout0,Vandalism,431
INF-0047648,Arson,informal-Arson-16,Robbery,74
INF-0005312,Arson,informal-Arson-16,Robbery,77
INF-0047085,Robbery,informal-Robbery-17,Theft,84
INF-0005613,Robbery,informal-Robbery-17,Theft,72
INF-0004605,Robbery,informal-Robbery-17,Theft,86
INF-0029517,Robbery,informal-Robbery-17,Theft,104
INF-0012656,Arson,informal-Arson-16,Robbery,62
INF-0041600,Arson,informal-Arson-16,Robbery,73
SYN-0011704,Burglary,Burglary-7-layout2,Vandalism,441
SYN-0011896,Burglary,Burglary-7-layout5,Vandalism,365
SYN-0003384,Burglary,Burglary-7-layout4,Vandalism,384
INF-0037712,Arson,informal-Arson-16,Robbery,66
SYN-0007800,Burglary,Burglary-7-layout1,Vandalism,362
INF-0025040,Arson,informal-Arson-16,Robbery,58
SYN-0009656,Burglary,Burglary-7-layout0,Vandalism,360
INF-0010077,Robbery,informal-Robbery-17,Theft,84
INF-0015248,Arson,informal-Arson-16,Robbery,77
INF-0015405,Robbery,informal-Robbery-17,Theft,69
INF-0047072,Arson,informal-Arson-16,Robbery,130
INF-0018848,Arson,informal-Arson-16,Robbery,72
INF-0021872,Arson,informal-Arson-16,Robbery,121
INF-0021008,Arson,informal-Arson-16,Robbery,64
SYN-0005112,Burglary,Burglary-7-layout1,Vandalism,406
INF-0027632,Arson,informal-Arson-16,Robbery,100
INF-0026349,Robbery,informal-Robbery-17,Theft,80
INF-0016412,Fraud,informal-Fraud-17,Theft,105
INF-0026493,Robbery,informal-Robbery-17,Theft,63
INF-0045501,Robbery,informal-Robbery-17,Theft,85
INF-0033693,Robbery,informal-Robbery-17,Theft,92
INF-0015114,Burglary,informal-Burglary-17,Assault,143
INF-0015104,Arson,informal-Arson-16,Robbery,77
SYN-0010424,Burglary,Burglary-7-layout0,Vandalism,742
INF-0037136,Arson,informal-Arson-16,Robbery,65
SYN-0001656,Burglary,Burglary-7-layout1,Vandalism,618
INF-0007053,Robbery,informal-Robbery-17,Theft,85
INF-0029792,Arson,informal-Arson-16,Robbery,96
INF-0034557,Robbery,informal-Robbery-17,Theft,119
INF-0007917,Robbery,informal-Robbery-17,Theft,95
INF-0000429,Robbery,informal-Robbery-17,Theft,86
INF-0002157,Robbery,informal-Robbery-17,Theft,82
INF-0027069,Robbery,informal-Robbery-17,Theft,78
SYN-0003000,Burglary,Burglary-7-layout4,Vandalism,376
INF-0008624,Arson,informal-Arson-16,Robbery,63
SYN-0001528,Burglary,Burglary-7-layout5,Vandalism,656
INF-0031676,Fraud,informal-Fraud-17,Theft,80
INF-0025629,Robbery,informal-Robbery-17,Theft,106
INF-0042327,Vandalism,informal-Vandalism-16,Assault,99
INF-0020295,Vandalism,informal-Vandalism-16,Assault,99
INF-0045357,Robbery,informal-Robbery-17,Theft,111
INF-0012224,Arson,informal-Arson-16,Robbery,88
INF-0031677,Robbery,informal-Robbery-17,Theft,94
SYN-0001976,Burglary,Burglary-7-layout0,Vandalism,353
INF-0038000,Arson,informal-Arson-16,Robbery,75
INF-0008768,Arson,informal-Arson-16,Robbery,56
INF-0022736,Arson,informal-Arson-16,Robbery,103
INF-0003597,Robbery,informal-Robbery-17,Theft,83
INF-0034413,Robbery,informal-Robbery-17,Theft,106
INF-0040304,Arson,informal-Arson-16,Robbery,81
INF-0044925,Robbery,informal-Robbery-17,Theft,92
