report_id,template_group,crime_type
SYN-0011698,Theft-6-layout2,Theft
SYN-0005554,Theft-6-layout2,Theft
INF-0036984,informal-Arson-15,Arson
INF-0042453,informal-Robbery-14,Robbery
INF-0007024,informal-Arson-14,Arson
INF-0040294,informal-Theft-14,Theft
INF-0010059,informal-Cybercrime-15,Cybercrime
INF-0003580,informal-Fraud-15,Fraud
INF-0008039,informal-Vandalism-14,Vandalism
INF-0001708,informal-Fraud-15,Fraud
INF-0006304,informal-Arson-14,Arson
INF-0045330,informal-Burglary-14,Burglary
SYN-0003378,Theft-6-layout4,Theft
SYN-0005559,Arson-6-layout2,Arson
SYN-0000629,Cybercrime-6-layout3,Cybercrime
INF-0019131,informal-Cybercrime-15,Cybercrime
INF-0024450,informal-Burglary-14,Burglary
SYN-0011765,Cybercrime-6-layout3,Cybercrime
SYN-0002738,Theft-6-layout0,Theft
SYN-0006577,Robbery-6-layout0,Robbery
INF-0014230,informal-Theft-14,Theft
INF-0045341,informal-Robbery-15,Robbery
INF-0019854,informal-Theft-15,Theft
INF-0040295,informal-Vandalism-14,Vandalism
INF-0008035,informal-Cybercrime-14,Cybercrime
INF-0037416,informal-Arson-15,Arson
INF-0008034,informal-Burglary-14,Burglary
INF-0037126,informal-Theft-14,Theft
INF-0010063,informal-Vandalism-15,Vandalism
INF-0009909,informal-Robbery-14,Robbery
INF-0037698,informal-Burglary-14,Burglary
INF-0023728,informal-Arson-14,Arson
INF-0023733,informal-Robbery-14,Robbery
INF-0047355,informal-Cybercrime-15,Cybercrime
SYN-0006455,Arson-6-layout4,Arson
SYN-0005879,Arson-6-layout1,Arson
INF-0040302,informal-Theft-15,Theft
SYN-0007157,Cybercrime-6-layout3,Cybercrime
SYN-0011702,Vandalism-6-layout2,Vandalism
INF-0031663,informal-Vandalism-15,Vandalism
SYN-0006451,Assault-6-layout4,Assault
INF-0034538,informal-Burglary-15,Burglary
SYN-0001651,Assault-6-layout1,Assault
SYN-0005877,Cybercrime-6-layout1,Cybercrime
INF-0019133,informal-Robbery-15,Robbery
SYN-0008689,Robbery-6-layout3,Robbery
SYN-0005876,Fraud-6-layout1,Fraud
SYN-0011697,Robbery-6-layout2,Robbery
INF-0047062,informal-Theft-14,Theft
INF-0037989,informal-Robbery-14,Robbery
INF-0006306,informal-Burglary-14,Burglary
SYN-0000883,Assault-6-layout1,Assault
INF-0007030,informal-Theft-14,Theft
INF-0009914,informal-Burglary-15,Burglary
INF-0015387,informal-Cybercrime-15,Cybercrime
INF-0039003,informal-Cybercrime-15,Cybercrime
INF-0010060,informal-Fraud-15,Fraud
INF-0042451,informal-Cybercrime-14,Cybercrime
SYN-0007155,Assault-6-layout3,Assault
INF-0039001,informal-Assault-15,Assault
INF-0005732,informal-Fraud-14,Fraud
SYN-0005878,Vandalism-6-layout1,Vandalism
SYN-0000114,Theft-6-layout1,Theft
INF-0020275,informal-Cybercrime-14,Cybercrime
INF-0033810,informal-Burglary-14,Burglary
INF-0019852,informal-Fraud-15,Fraud
INF-0042304,informal-Arson-14,Arson
INF-0032527,informal-Vandalism-15,Vandalism
INF-0015235,informal-Cybercrime-14,Cybercrime
INF-0045328,informal-Arson-14,Arson
INF-0015093,informal-Robbery-14,Robbery
INF-0040297,informal-Assault-15,Assault
INF-0019135,informal-Vandalism-15,Vandalism
INF-0042448,informal-Arson-14,Arson
INF-0033808,informal-Arson-14,Arson
INF-0002425,informal-Assault-15,Assault
INF-0006307,informal-Cybercrime-14,Cybercrime
INF-0045332,informal-Fraud-14,Fraud
INF-0009917,informal-Robbery-15,Robbery
INF-0039005,informal-Robbery-15,Robbery
INF-0023588,informal-Fraud-14,Fraud
INF-0037121,informal-Assault-14,Assault
INF-0015096,informal-Arson-15,Arson
SYN-0011767,Arson-6-layout3,Arson
SYN-0002417,Robbery-6-layout1,Robbery
INF-0047359,informal-Vandalism-15,Vandalism
INF-0045335,informal-Vandalism-14,Vandalism
INF-0004586,informal-Burglary-15,Burglary
INF-0027627,informal-Cybercrime-15,Cybercrime
SYN-0011703,Arson-6-layout2,Arson
INF-0031662,informal-Theft-15,Theft
INF-0037703,informal-Vandalism-14,Vandalism
INF-0005730,informal-Burglary-14,Burglary
INF-0021579,informal-Cybercrime-15,Cybercrime
INF-0023590,informal-Theft-14,Theft
INF-0026334,informal-Theft-15,Theft
INF-0039151,informal-Vandalism-15,Vandalism
INF-0030647,informal-Vandalism-14,Vandalism
INF-0030640,informal-Arson-14,Arson
INF-0034543,informal-Vandalism-15,Vandalism
SYN-0000115,Assault-6-layout1,Assault
INF-0029780,informal-Fraud-14,Fraud
INF-0031792,informal-Arson-14,Arson
INF-0004873,informal-Assault-15,Assault
INF-0040152,informal-Arson-15,Arson
INF-0047058,informal-Burglary-14,Burglary
INF-0018835,informal-Cybercrime-14,Cybercrime
INF-0047071,informal-Vandalism-15,Vandalism
INF-0026330,informal-Burglary-15,Burglary
SYN-0005557,Cybercrime-6-layout2,Cybercrime
SYN-0008692,Fraud-6-layout3,Fraud
INF-0037701,informal-Robbery-14,Robbery
SYN-0001527,Arson-6-layout5,Arson
SYN-0002743,Arson-6-layout0,Arson
INF-0004879,informal-Vandalism-15,Vandalism
SYN-0002739,Assault-6-layout0,Assault
INF-0040293,informal-Robbery-14,Robbery
SYN-0011766,Vandalism-6-layout3,Vandalism
SYN-0000880,Burglary-6-layout1,Burglary
SYN-0003376,Burglary-6-layout4,Burglary
INF-0031939,informal-Cybercrime-14,Cybercrime
INF-0039435,informal-Cybercrime-15,Cybercrime
INF-0029641,informal-Assault-15,Assault
SYN-0011126,Vandalism-6-layout5,Vandalism
SYN-0002736,Burglary-6-layout0,Burglary
INF-0030642,informal-Burglary-14,Burglary
INF-0008757,informal-Robbery-14,Robbery
INF-0045336,informal-Arson-15,Arson
INF-0007026,informal-Burglary-14,Burglary
INF-0001710,informal-Theft-15,Theft
INF-0016398,informal-Theft-15,Theft
SYN-0011696,Burglary-6-layout2,Burglary
INF-0005728,informal-Arson-14,Arson
INF-0039438,informal-Theft-15,Theft
INF-0014371,informal-Cybercrime-14,Cybercrime
INF-0020277,informal-Robbery-14,Robbery
INF-0014231,informal-Vandalism-14,Vandalism
INF-0022443,informal-Cybercrime-15,Cybercrime
INF-0024454,informal-Theft-14,Theft
SYN-0000884,Fraud-6-layout1,Fraud
INF-0045770,informal-Burglary-15,Burglary
INF-0029781,informal-Robbery-14,Robbery
INF-0047356,informal-Fraud-15,Fraud
INF-0029642,informal-Burglary-15,Burglary
INF-0021424,informal-Arson-14,Arson
INF-0047068,informal-Fraud-15,Fraud
INF-0031361,informal-Assault-14,Assault
SYN-0006581,Cybercrime-6-layout0,Cybercrime
INF-0018838,informal-Theft-14,Theft
INF-0037125,informal-Robbery-14,Robbery
INF-0012214,informal-Theft-14,Theft
INF-0014368,informal-Arson-14,Arson
INF-0002863,informal-Vandalism-15,Vandalism
INF-0040159,informal-Vandalism-15,Vandalism
SYN-0011121,Robbery-6-layout5,Robbery
INF-0041589,informal-Robbery-14,Robbery
SYN-0007158,Vandalism-6-layout3,Vandalism
INF-0024455,informal-Vandalism-14,Vandalism
INF-0022725,informal-Robbery-14,Robbery
INF-0009910,informal-Theft-14,Theft
INF-0047066,informal-Burglary-15,Burglary
INF-0037702,informal-Theft-14,Theft
INF-0045339,informal-Cybercrime-15,Cybercrime
INF-0033675,informal-Cybercrime-15,Cybercrime
INF-0009915,informal-Cybercrime-15,Cybercrime
INF-0004728,informal-Arson-15,Arson
INF-0032377,informal-Assault-15,Assault
INF-0034539,informal-Cybercrime-15,Cybercrime
INF-0021715,informal-Cybercrime-14,Cybercrime
INF-0012212,informal-Fraud-14,Fraud
SYN-0000885,Cybercrime-6-layout1,Cybercrime
INF-0021431,informal-Vandalism-14,Vandalism
INF-0042449,informal-Assault-14,Assault
INF-0005731,informal-Cybercrime-14,Cybercrime
INF-0022722,informal-Burglary-14,Burglary
SYN-0004274,Theft-6-layout0,Theft
SYN-0000119,Arson-6-layout1,Arson
INF-0015391,informal-Vandalism-15,Vandalism
INF-0004878,informal-Theft-15,Theft
INF-0021717,informal-Robbery-14,Robbery
INF-0047638,informal-Theft-14,Theft
SYN-0000625,Robbery-6-layout3,Robbery
SYN-0011699,Assault-6-layout2,Assault
INF-0022727,informal-Vandalism-14,Vandalism
INF-0041590,informal-Theft-14,Theft
INF-0008032,informal-Arson-14,Arson
INF-0040157,informal-Robbery-15,Robbery
INF-0033814,informal-Theft-14,Theft
INF-0033812,informal-Fraud-14,Fraud
INF-0015382,informal-Theft-14,Theft
INF-0033676,informal-Fraud-15,Fraud
INF-0015388,informal-Fraud-15,Fraud
SYN-0010480,Burglary-6-layout1,Burglary
INF-0045333,informal-Robbery-14,Robbery
INF-0021141,informal-Robbery-14,Robbery
INF-0003576,informal-Arson-15,Arson
INF-0034542,informal-Theft-15,Theft
INF-0005729,informal-Assault-14,Assault
INF-0003583,informal-Vandalism-15,Vandalism
INF-0030645,informal-Robbery-14,Robbery
INF-0003578,informal-Burglary-15,Burglary
INF-0014225,informal-Assault-14,Assault
INF-0021136,informal-Arson-14,Arson
INF-0041453,informal-Robbery-15,Robbery
INF-0033809,informal-Assault-14,Assault
INF-0024448,informal-Arson-14,Arson
INF-0009904,informal-Arson-14,Arson
INF-0008758,informal-Theft-14,Theft
SYN-0000117,Cybercrime-6-layout1,Cybercrime
INF-0024452,informal-Fraud-14,Fraud
INF-0027631,informal-Vandalism-15,Vandalism
SYN-0003379,Assault-6-layout4,Assault
INF-0021712,informal-Arson-14,Arson
INF-0006305,informal-Assault-14,Assault
INF-0047065,informal-Assault-15,Assault
INF-0023584,informal-Arson-14,Arson
INF-0032380,informal-Fraud-15,Fraud
INF-0021577,informal-Assault-15,Assault
SYN-0006448,Burglary-6-layout4,Burglary
SYN-0007798,Vandalism-6-layout1,Vandalism
INF-0037423,informal-Vandalism-15,Vandalism
INF-0015385,informal-Assault-15,Assault
INF-0047070,informal-Theft-15,Theft
INF-0045771,informal-Cybercrime-15,Cybercrime
INF-0012209,informal-Assault-14,Assault
INF-0047636,informal-Fraud-14,Fraud
INF-0020272,informal-Arson-14,Arson
INF-0023591,informal-Vandalism-14,Vandalism
SYN-0000118,Vandalism-6-layout1,Vandalism
INF-0047632,informal-Arson-14,Arson
SYN-0004273,Robbery-6-layout0,Robbery
INF-0002426,informal-Burglary-15,Burglary
INF-0015089,informal-Assault-14,Assault
INF-0040298,informal-Burglary-15,Burglary
INF-0037986,informal-Burglary-14,Burglary
INF-0004874,informal-Burglary-15,Burglary
INF-0034540,informal-Fraud-15,Fraud
SYN-0009077,Cybercrime-6-layout3,Cybercrime
INF-0029777,informal-Assault-14,Assault
INF-0004587,informal-Cybercrime-15,Cybercrime
INF-0047060,informal-Fraud-14,Fraud
INF-0019853,informal-Robbery-15,Robbery
INF-0042311,informal-Vandalism-14,Vandalism
SYN-0006580,Fraud-6-layout0,Fraud
INF-0031656,informal-Arson-15,Arson
INF-0019132,informal-Fraud-15,Fraud
INF-0026329,informal-Assault-15,Assault
INF-0024451,informal-Cybercrime-14,Cybercrime
INF-0001704,informal-Arson-15,Arson
SYN-0004272,Burglary-6-layout0,Burglary
INF-0004732,informal-Fraud-15,Fraud
SYN-0008690,Theft-6-layout3,Theft
SYN-0000624,Burglary-6-layout3,Burglary
SYN-0002416,Burglary-6-layout1,Burglary
INF-0021581,informal-Robbery-15,Robbery
INF-0029779,informal-Cybercrime-14,Cybercrime
SYN-0007799,Arson-6-layout1,Arson
SYN-0009078,Vandalism-6-layout3,Vandalism
INF-0043035,informal-Cybercrime-15,Cybercrime
INF-0001707,informal-Cybercrime-15,Cybercrime
INF-0043032,informal-Arson-15,Arson
INF-0033811,informal-Cybercrime-14,Cybercrime
INF-0042455,informal-Vandalism-14,Vandalism
INF-0045342,informal-Theft-15,Theft
INF-0031365,informal-Robbery-14,Robbery
INF-0037987,informal-Cybercrime-14,Cybercrime
INF-0025026,informal-Burglary-14,Burglary
INF-0029640,informal-Arson-15,Arson
SYN-0001521,Robbery-6-layout5,Robbery
INF-0032383,informal-Vandalism-15,Vandalism
INF-0047352,informal-Arson-15,Arson
INF-0027624,informal-Arson-15,Arson
INF-0016396,informal-Fraud-15,Fraud
INF-0008754,informal-Burglary-14,Burglary
SYN-0010484,Fraud-6-layout1,Fraud
INF-0021713,informal-Assault-14,Assault
INF-0042309,informal-Robbery-14,Robbery
INF-0004869,informal-Robbery-14,Robbery
SYN-0005872,Burglary-6-layout1,Burglary
SYN-0007796,Fraud-6-layout1,Fraud
SYN-0005556,Fraud-6-layout2,Fraud
SYN-0011125,Cybercrime-6-layout5,Cybercrime
INF-0023587,informal-Cybercrime-14,Cybercrime
INF-0002276,informal-Fraud-14,Fraud
INF-0021580,informal-Fraud-15,Fraud
INF-0040153,informal-Assault-15,Assault
INF-0040158,informal-Theft-15,Theft
INF-0036987,informal-Cybercrime-15,Cybercrime
INF-0036985,informal-Assault-15,Assault
INF-0032378,informal-Burglary-15,Burglary
INF-0029645,informal-Robbery-15,Robbery
SYN-0002742,Vandalism-6-layout0,Vandalism
SYN-0001655,Arson-6-layout1,Arson
INF-0002278,informal-Theft-14,Theft
INF-0039148,informal-Fraud-15,Fraud
INF-0047057,informal-Assault-14,Assault
INF-0022441,informal-Assault-15,Assault
INF-0004867,informal-Cybercrime-14,Cybercrime
INF-0040296,informal-Arson-15,Arson
INF-0045772,informal-Fraud-15,Fraud
INF-0041584,informal-Arson-14,Arson
INF-0023589,informal-Robbery-14,Robbery
INF-0037991,informal-Vandalism-14,Vandalism
INF-0002279,informal-Vandalism-14,Vandalism
INF-0004589,informal-Robbery-15,Robbery
INF-0031796,informal-Fraud-14,Fraud
INF-0009916,informal-Fraud-15,Fraud
INF-0045768,informal-Arson-15,Arson
INF-0042452,informal-Fraud-14,Fraud
INF-0002272,informal-Arson-14,Arson
INF-0033672,informal-Arson-15,Arson
SYN-0005555,Assault-6-layout2,Assault
INF-0015383,informal-Vandalism-14,Vandalism
INF-0022726,informal-Theft-14,Theft
SYN-0002420,Fraud-6-layout1,Fraud
INF-0023729,informal-Assault-14,Assault
INF-0037421,informal-Robbery-15,Robbery
SYN-0006449,Robbery-6-layout4,Robbery
SYN-0011763,Assault-6-layout3,Assault
INF-0006310,informal-Theft-14,Theft
INF-0007031,informal-Vandalism-14,Vandalism
INF-0015234,informal-Burglary-14,Burglary
INF-0006311,informal-Vandalism-14,Vandalism
INF-0002277,informal-Robbery-14,Robbery
INF-0037696,informal-Arson-14,Arson
INF-0015376,informal-Arson-14,Arson
SYN-0003381,Cybercrime-6-layout4,Cybercrime
INF-0001706,informal-Burglary-15,Burglary
SYN-0009073,Robbery-6-layout3,Robbery
INF-0015092,informal-Fraud-14,Fraud
INF-0002859,informal-Cybercrime-15,Cybercrime
INF-0023732,informal-Fraud-14,Fraud
INF-0041452,informal-Fraud-15,Fraud
INF-0002862,informal-Theft-15,Theft
INF-0022447,informal-Vandalism-15,Vandalism
SYN-0007797,Cybercrime-6-layout1,Cybercrime
INF-0015236,informal-Fraud-14,Fraud
SYN-0000887,Arson-6-layout1,Arson
INF-0042306,informal-Burglary-14,Burglary
INF-0019848,informal-Arson-15,Arson
INF-0040290,informal-Burglary-14,Burglary
SYN-0010481,Robbery-6-layout1,Robbery
INF-0003582,informal-Theft-15,Theft
SYN-0001526,Vandalism-6-layout5,Vandalism
SYN-0006578,Theft-6-layout0,Theft
INF-0012211,informal-Cybercrime-14,Cybercrime
INF-0007902,informal-Theft-15,Theft
INF-0015378,informal-Burglary-14,Burglary
INF-0037122,informal-Burglary-14,Burglary
INF-0021576,informal-Arson-15,Arson
INF-0033813,informal-Robbery-14,Robbery
INF-0016395,informal-Cybercrime-15,Cybercrime
INF-0024453,informal-Robbery-14,Robbery
SYN-0001520,Burglary-6-layout5,Burglary
SYN-0001523,Assault-6-layout5,Assault
INF-0042310,informal-Theft-14,Theft
SYN-0011701,Cybercrime-6-layout2,Cybercrime
SYN-0005107,Assault-6-layout1,Assault
INF-0004584,informal-Arson-15,Arson
SYN-0005108,Fraud-6-layout1,Fraud
INF-0019134,informal-Theft-15,Theft
SYN-0011760,Burglary-6-layout3,Burglary
INF-0039000,informal-Arson-15,Arson
INF-0022445,informal-Robbery-15,Robbery
INF-0039433,informal-Assault-15,Assault
INF-0007898,informal-Burglary-15,Burglary
INF-0015386,informal-Burglary-15,Burglary
INF-0039432,informal-Arson-15,Arson
INF-0016399,informal-Vandalism-15,Vandalism
INF-0041449,informal-Assault-15,Assault
SYN-0008691,Assault-6-layout3,Assault
INF-0008038,informal-Theft-14,Theft
INF-0041586,informal-Burglary-14,Burglary
INF-0002858,informal-Burglary-15,Burglary
INF-0004864,informal-Arson-14,Arson
INF-0008759,informal-Vandalism-14,Vandalism
INF-0014374,informal-Theft-14,Theft
INF-0009919,informal-Vandalism-15,Vandalism
INF-0006308,informal-Fraud-14,Fraud
INF-0023730,informal-Burglary-14,Burglary
SYN-0007794,Theft-6-layout1,Theft
INF-0031937,informal-Assault-14,Assault
INF-0023586,informal-Burglary-14,Burglary
INF-0001711,informal-Vandalism-15,Vandalism
INF-0004876,informal-Fraud-15,Fraud
INF-0037988,informal-Fraud-14,Fraud
SYN-0001648,Burglary-6-layout1,Burglary
INF-0029643,informal-Cybercrime-15,Cybercrime
INF-0043037,informal-Robbery-15,Robbery
INF-0024449,informal-Assault-14,Assault
INF-0032382,informal-Theft-15,Theft
SYN-0003382,Vandalism-6-layout4,Vandalism
SYN-0006582,Vandalism-6-layout0,Vandalism
INF-0025029,informal-Robbery-14,Robbery
INF-0021139,informal-Cybercrime-14,Cybercrime
INF-0039002,informal-Burglary-15,Burglary
SYN-0005553,Robbery-6-layout2,Robbery
INF-0021427,informal-Cybercrime-14,Cybercrime
SYN-0002741,Cybercrime-6-layout0,Cybercrime
INF-0043036,informal-Fraud-15,Fraud
INF-0010056,informal-Arson-15,Arson
INF-0042307,informal-Cybercrime-14,Cybercrime
INF-0007899,informal-Cybercrime-15,Cybercrime
SYN-0005873,Robbery-6-layout1,Robbery
INF-0027626,informal-Burglary-15,Burglary
INF-0019129,informal-Assault-15,Assault
INF-0002431,informal-Vandalism-15,Vandalism
INF-0015102,informal-Theft-15,Theft
INF-0021425,informal-Assault-14,Assault
SYN-0004279,Arson-6-layout0,Arson
INF-0002429,informal-Robbery-15,Robbery
SYN-0006452,Fraud-6-layout4,Fraud
INF-0004865,informal-Assault-14,Assault
SYN-0011764,Fraud-6-layout3,Fraud
INF-0029647,informal-Vandalism-15,Vandalism
INF-0047357,informal-Robbery-15,Robbery
INF-0037127,informal-Vandalism-14,Vandalism
INF-0004729,informal-Assault-15,Assault
INF-0047059,informal-Cybercrime-14,Cybercrime
INF-0045340,informal-Fraud-15,Fraud
INF-0021429,informal-Robbery-14,Robbery
INF-0009911,informal-Vandalism-14,Vandalism
INF-0042305,informal-Assault-14,Assault
SYN-0007795,Assault-6-layout1,Assault
INF-0037990,informal-Theft-14,Theft
INF-0031798,informal-Theft-14,Theft
INF-0025025,informal-Assault-14,Assault
INF-0031661,informal-Robbery-15,Robbery
INF-0034536,informal-Arson-15,Arson
INF-0032524,informal-Fraud-15,Fraud
INF-0041591,informal-Vandalism-14,Vandalism
INF-0025028,informal-Fraud-14,Fraud
INF-0040291,informal-Cybercrime-14,Cybercrime
SYN-0005109,Cybercrime-6-layout1,Cybercrime
SYN-0006454,Vandalism-6-layout4,Vandalism
INF-0033673,informal-Assault-15,Assault
INF-0009907,informal-Cybercrime-14,Cybercrime
INF-0031657,informal-Assault-15,Assault
INF-0002427,informal-Cybercrime-15,Cybercrime
INF-0036986,informal-Burglary-15,Burglary
INF-0004875,informal-Cybercrime-15,Cybercrime
SYN-0011127,Arson-6-layout5,Arson
INF-0015097,informal-Assault-15,Assault
SYN-0005106,Theft-6-layout1,Theft
SYN-0002421,Cybercrime-6-layout1,Cybercrime
INF-0003579,informal-Cybercrime-15,Cybercrime
INF-0015095,informal-Vandalism-14,Vandalism
SYN-0002423,Arson-6-layout1,Arson
INF-0021428,informal-Fraud-14,Fraud
INF-0026332,informal-Fraud-15,Fraud
INF-0039147,informal-Cybercrime-15,Cybercrime
INF-0030643,informal-Cybercrime-14,Cybercrime
SYN-0008695,Arson-6-layout3,Arson
INF-0031797,informal-Robbery-14,Robbery
INF-0021137,informal-Assault-14,Assault
INF-0002856,informal-Arson-15,Arson
INF-0004585,informal-Assault-15,Assault
INF-0015090,informal-Burglary-14,Burglary
SYN-0007152,Burglary-6-layout3,Burglary
INF-0039006,informal-Theft-15,Theft
INF-0031940,informal-Fraud-14,Fraud
INF-0032381,informal-Robbery-15,Robbery
INF-0015098,informal-Burglary-15,Burglary
INF-0045774,informal-Theft-15,Theft
INF-0030641,informal-Assault-14,Assault
SYN-0006579,Assault-6-layout0,Assault
INF-0042308,informal-Fraud-14,Fraud
INF-0007901,informal-Robbery-15,Robbery
INF-0031659,informal-Cybercrime-15,Cybercrime
INF-0037420,informal-Fraud-15,Fraud
INF-0032522,informal-Burglary-15,Burglary
INF-0022721,informal-Assault-14,Assault
INF-0002428,informal-Fraud-15,Fraud
INF-0047633,informal-Assault-14,Assault
SYN-0004277,Cybercrime-6-layout0,Cybercrime
INF-0021716,informal-Fraud-14,Fraud
INF-0015232,informal-Arson-14,Arson
INF-0018837,informal-Robbery-14,Robbery
INF-0019850,informal-Burglary-15,Burglary
SYN-0009072,Burglary-6-layout3,Burglary
INF-0041448,informal-Arson-15,Arson
SYN-0000627,Assault-6-layout3,Assault
INF-0019851,informal-Cybercrime-15,Cybercrime
SYN-0000112,Burglary-6-layout1,Burglary
INF-0002861,informal-Robbery-15,Robbery
INF-0009908,informal-Fraud-14,Fraud
SYN-0007153,Robbery-6-layout3,Robbery
INF-0039004,informal-Fraud-15,Fraud
INF-0039007,informal-Vandalism-15,Vandalism
INF-0003577,informal-Assault-15,Assault
INF-0037697,informal-Assault-14,Assault
INF-0031941,informal-Robbery-14,Robbery
SYN-0000886,Vandalism-6-layout1,Vandalism
SYN-0003377,Robbery-6-layout4,Robbery
INF-0009912,informal-Arson-15,Arson
SYN-0009075,Assault-6-layout3,Assault
INF-0031363,informal-Cybercrime-14,Cybercrime
INF-0031942,informal-Theft-14,Theft
INF-0005733,informal-Robbery-14,Robbery
INF-0003581,informal-Robbery-15,Robbery
INF-0033815,informal-Vandalism-14,Vandalism
INF-0014229,informal-Robbery-14,Robbery
INF-0026335,informal-Vandalism-15,Vandalism
INF-0033677,informal-Robbery-15,Robbery
INF-0039144,informal-Arson-15,Arson
INF-0025031,informal-Vandalism-14,Vandalism
INF-0015088,informal-Arson-14,Arson
SYN-0008694,Vandalism-6-layout3,Vandalism
INF-0015233,informal-Assault-14,Assault
INF-0039150,informal-Theft-15,Theft
INF-0007897,informal-Assault-15,Assault
INF-0031936,informal-Arson-14,Arson
INF-0045773,informal-Robbery-15,Robbery
INF-0032376,informal-Arson-15,Arson
SYN-0001654,Vandalism-6-layout1,Vandalism
INF-0015239,informal-Vandalism-14,Vandalism
SYN-0009076,Fraud-6-layout3,Fraud
INF-0047354,informal-Burglary-15,Burglary
INF-0015389,informal-Robbery-15,Robbery
SYN-0008688,Burglary-6-layout3,Burglary
SYN-0006583,Arson-6-layout0,Arson
INF-0037422,informal-Theft-15,Theft
INF-0037124,informal-Fraud-14,Fraud
INF-0047067,informal-Cybercrime-15,Cybercrime
INF-0045338,informal-Burglary-15,Burglary
INF-0037120,informal-Arson-14,Arson
INF-0004735,informal-Vandalism-15,Vandalism
SYN-0001653,Cybercrime-6-layout1,Cybercrime
INF-0021140,informal-Fraud-14,Fraud
INF-0007903,informal-Vandalism-15,Vandalism
INF-0021718,informal-Theft-14,Theft
INF-0009918,informal-Theft-15,Theft
INF-0009913,informal-Assault-15,Assault
SYN-0001522,Theft-6-layout5,Theft
INF-0021582,informal-Theft-15,Theft
INF-0015381,informal-Robbery-14,Robbery
INF-0047639,informal-Vandalism-14,Vandalism
INF-0021142,informal-Theft-14,Theft
INF-0015103,informal-Vandalism-15,Vandalism
INF-0016393,informal-Assault-15,Assault
INF-0043039,informal-Vandalism-15,Vandalism
INF-0018833,informal-Assault-14,Assault
INF-0015237,informal-Robbery-14,Robbery
INF-0015101,informal-Robbery-15,Robbery
INF-0004590,informal-Theft-15,Theft
INF-0045769,informal-Assault-15,Assault
SYN-0006576,Burglary-6-layout0,Burglary
INF-0040303,informal-Vandalism-15,Vandalism
INF-0015377,informal-Assault-14,Assault
INF-0040292,informal-Fraud-14,Fraud
SYN-0011124,Fraud-6-layout5,Fraud
SYN-0011123,Assault-6-layout5,Assault
SYN-0005111,Arson-6-layout1,Arson
INF-0043033,informal-Assault-15,Assault
INF-0015380,informal-Fraud-14,Fraud
SYN-0005110,Vandalism-6-layout1,Vandalism
INF-0021426,informal-Burglary-14,Burglary
SYN-0011762,Theft-6-layout3,Theft
INF-0029646,informal-Theft-15,Theft
INF-0026328,informal-Arson-15,Arson
INF-0043038,informal-Theft-15,Theft
INF-0015384,informal-Arson-15,Arson
INF-0018836,informal-Fraud-14,Fraud
SYN-0005104,Burglary-6-layout1,Burglary
INF-0015379,informal-Cybercrime-14,Cybercrime
INF-0020278,informal-Theft-14,Theft
INF-0004733,informal-Robbery-15,Robbery
INF-0032525,informal-Robbery-15,Robbery
INF-0016394,informal-Burglary-15,Burglary
INF-0031794,informal-Burglary-14,Burglary
INF-0022444,informal-Fraud-15,Fraud
INF-0034537,informal-Assault-15,Assault
INF-0015390,informal-Theft-15,Theft
SYN-0002422,Vandalism-6-layout1,Vandalism
INF-0034541,informal-Robbery-15,Robbery
INF-0039436,informal-Fraud-15,Fraud
SYN-0010483,Assault-6-layout1,Assault
INF-0010057,informal-Assault-15,Assault
INF-0039437,informal-Robbery-15,Robbery
INF-0033679,informal-Vandalism-15,Vandalism
INF-0031366,informal-Theft-14,Theft
INF-0032379,informal-Cybercrime-15,Cybercrime
INF-0036988,informal-Fraud-15,Fraud
SYN-0008693,Cybercrime-6-layout3,Cybercrime
INF-0045329,informal-Assault-14,Assault
SYN-0005875,Assault-6-layout1,Assault
INF-0047358,informal-Theft-15,Theft
INF-0002273,informal-Assault-14,Assault
INF-0036991,informal-Vandalism-15,Vandalism
INF-0031793,informal-Assault-14,Assault
INF-0004730,informal-Burglary-15,Burglary
INF-0021578,informal-Burglary-15,Burglary
INF-0004868,informal-Fraud-14,Fraud
INF-0019849,informal-Assault-15,Assault
INF-0047353,informal-Assault-15,Assault
INF-0014370,informal-Burglary-14,Burglary
INF-0002860,informal-Fraud-15,Fraud
INF-0010058,informal-Burglary-15,Burglary
INF-0037700,informal-Fraud-14,Fraud
INF-0045775,informal-Vandalism-15,Vandalism
INF-0045337,informal-Assault-15,Assault
INF-0014372,informal-Fraud-14,Fraud
INF-0029782,informal-Theft-14,Theft
SYN-0005874,Theft-6-layout1,Theft
SYN-0000630,Vandalism-6-layout3,Vandalism
SYN-0011120,Burglary-6-layout5,Burglary
INF-0045343,informal-Vandalism-15,Vandalism
SYN-0000882,Theft-6-layout1,Theft
INF-0029783,informal-Vandalism-14,Vandalism
INF-0041454,informal-Theft-15,Theft
INF-0045331,informal-Cybercrime-14,Cybercrime
INF-0004591,informal-Vandalism-15,Vandalism
SYN-0000881,Robbery-6-layout1,Robbery
SYN-0005552,Burglary-6-layout2,Burglary
INF-0005735,informal-Vandalism-14,Vandalism
INF-0031660,informal-Fraud-15,Fraud
SYN-0011700,Fraud-6-layout2,Fraud
SYN-0002419,Assault-6-layout1,Assault
INF-0029778,informal-Burglary-14,Burglary
SYN-0007154,Theft-6-layout3,Theft
INF-0021430,informal-Theft-14,Theft
INF-0047635,informal-Cybercrime-14,Cybercrime
INF-0042450,informal-Burglary-14,Burglary
INF-0042454,informal-Theft-14,Theft
INF-0041451,informal-Cybercrime-15,Cybercrime
SYN-0002740,Fraud-6-layout0,Fraud
INF-0041455,informal-Vandalism-15,Vandalism
INF-0014227,informal-Cybercrime-14,Cybercrime
INF-0014226,informal-Burglary-14,Burglary
SYN-0000626,Theft-6-layout3,Theft
INF-0021714,informal-Burglary-14,Burglary
INF-0040155,informal-Cybercrime-15,Cybercrime
SYN-0001525,Cybercrime-6-layout5,Cybercrime
SYN-0007792,Burglary-6-layout1,Burglary
SYN-0004278,Vandalism-6-layout0,Vandalism
INF-0015238,informal-Theft-14,Theft
INF-0015100,informal-Fraud-15,Fraud
SYN-0010485,Cybercrime-6-layout1,Cybercrime
INF-0039149,informal-Robbery-15,Robbery
SYN-0006450,Theft-6-layout4,Theft
INF-0039439,informal-Vandalism-15,Vandalism
INF-0012215,informal-Vandalism-14,Vandalism
INF-0019855,informal-Vandalism-15,Vandalism
SYN-0011122,Theft-6-layout5,Theft
INF-0025030,informal-Theft-14,Theft
INF-0015094,informal-Theft-14,Theft
INF-0023734,informal-Theft-14,Theft
INF-0001709,informal-Robbery-15,Robbery
SYN-0011761,Robbery-6-layout3,Robbery
INF-0025024,informal-Arson-14,Arson
INF-0033674,informal-Burglary-15,Burglary
SYN-0004275,Assault-6-layout0,Assault
SYN-0007793,Robbery-6-layout1,Robbery
SYN-0003383,Arson-6-layout4,Arson
INF-0012213,informal-Robbery-14,Robbery
INF-0009905,informal-Assault-14,Assault
INF-0030646,informal-Theft-14,Theft
INF-0032526,informal-Theft-15,Theft
INF-0004734,informal-Theft-15,Theft
INF-0018839,informal-Vandalism-14,Vandalism
INF-0019128,informal-Arson-15,Arson
INF-0036989,informal-Robbery-15,Robbery
INF-0012210,informal-Burglary-14,Burglary
SYN-0001649,Robbery-6-layout1,Robbery
INF-0008036,informal-Fraud-14,Fraud
SYN-0005105,Robbery-6-layout1,Robbery
INF-0047063,informal-Vandalism-14,Vandalism
INF-0020274,informal-Burglary-14,Burglary
INF-0040299,informal-Cybercrime-15,Cybercrime
INF-0031795,informal-Cybercrime-14,Cybercrime
SYN-0009074,Theft-6-layout3,Theft
INF-0041450,informal-Burglary-15,Burglary
INF-0047056,informal-Arson-14,Arson
INF-0033678,informal-Theft-15,Theft
INF-0031943,informal-Vandalism-14,Vandalism
SYN-0002418,Theft-6-layout1,Theft
INF-0010061,informal-Robbery-15,Robbery
SYN-0007159,Arson-6-layout3,Arson
INF-0047637,informal-Robbery-14,Robbery
INF-0020276,informal-Fraud-14,Fraud
INF-0014373,informal-Robbery-14,Robbery
SYN-0010487,Arson-6-layout1,Arson
INF-0029776,informal-Arson-14,Arson
INF-0004866,informal-Burglary-14,Burglary
INF-0037985,informal-Assault-14,Assault
SYN-0000631,Arson-6-layout3,Arson
INF-0020279,informal-Vandalism-14,Vandalism
INF-0037418,informal-Burglary-15,Burglary
INF-0041588,informal-Fraud-14,Fraud
INF-0023731,informal-Cybercrime-14,Cybercrime
INF-0039434,informal-Burglary-15,Burglary
INF-0029644,informal-Fraud-15,Fraud
SYN-0001650,Theft-6-layout1,Theft
INF-0008755,informal-Cybercrime-14,Cybercrime
INF-0040301,informal-Robbery-15,Robbery
SYN-0007156,Fraud-6-layout3,Fraud
INF-0002857,informal-Assault-15,Assault
INF-0016392,informal-Arson-15,Arson
INF-0007900,informal-Fraud-15,Fraud
SYN-0010482,Theft-6-layout1,Theft
INF-0023585,informal-Assault-14,Assault
INF-0023735,informal-Vandalism-14,Vandalism
INF-0004877,informal-Robbery-15,Robbery
INF-0047064,informal-Arson-15,Arson
INF-0022440,informal-Arson-15,Arson
INF-0001705,informal-Assault-15,Assault
INF-0012208,informal-Arson-14,Arson
INF-0040300,informal-Fraud-15,Fraud
INF-0004731,informal-Cybercrime-15,Cybercrime
INF-0032521,informal-Assault-15,Assault
INF-0031938,informal-Burglary-14,Burglary
INF-0018832,informal-Arson-14,Arson
INF-0037123,informal-Cybercrime-14,Cybercrime
INF-0019130,informal-Burglary-15,Burglary
INF-0031367,informal-Vandalism-14,Vandalism
INF-0043034,informal-Burglary-15,Burglary
INF-0027628,informal-Fraud-15,Fraud
SYN-0000116,Fraud-6-layout1,Fraud
INF-0031799,informal-Vandalism-14,Vandalism
INF-0021138,informal-Burglary-14,Burglary
INF-0031362,informal-Burglary-14,Burglary
INF-0027625,informal-Assault-15,Assault
SYN-0000113,Robbery-6-layout1,Robbery
INF-0031364,informal-Fraud-14,Fraud
INF-0014375,informal-Vandalism-14,Vandalism
INF-0040156,informal-Fraud-15,Fraud
INF-0039145,informal-Assault-15,Assault
INF-0006309,informal-Robbery-14,Robbery
INF-0041587,informal-Cybercrime-14,Cybercrime
INF-0031360,informal-Arson-14,Arson
SYN-0005558,Vandalism-6-layout2,Vandalism
INF-0027629,informal-Robbery-15,Robbery
SYN-0009079,Arson-6-layout3,Arson
INF-0039146,informal-Burglary-15,Burglary
INF-0037984,informal-Arson-14,Arson
INF-0026333,informal-Robbery-15,Robbery
SYN-0000628,Fraud-6-layout3,Fraud
INF-0030644,informal-Fraud-14,Fraud
INF-0007027,informal-Cybercrime-14,Cybercrime
INF-0008752,informal-Arson-14,Arson
SYN-0006453,Cybercrime-6-layout4,Cybercrime
INF-0047069,informal-Robbery-15,Robbery
INF-0015091,informal-Cybercrime-14,Cybercrime
INF-0031658,informal-Burglary-15,Burglary
INF-0022720,informal-Arson-14,Arson
INF-0037699,informal-Cybercrime-14,Cybercrime
INF-0004870,informal-Theft-14,Theft
INF-0032523,informal-Cybercrime-15,Cybercrime
INF-0047634,informal-Burglary-14,Burglary
INF-0007025,informal-Assault-14,Assault
INF-0021583,informal-Vandalism-15,Vandalism
INF-0010062,informal-Theft-15,Theft
SYN-0001524,Fraud-6-layout5,Fraud
INF-0021719,informal-Vandalism-14,Vandalism
INF-0047061,informal-Robbery-14,Robbery
INF-0002274,informal-Burglary-14,Burglary
INF-0007029,informal-Robbery-14,Robbery
INF-0016397,informal-Robbery-15,Robbery
INF-0045334,informal-Theft-14,Theft
INF-0041585,informal-Assault-14,Assault
INF-0002430,informal-Theft-15,Theft
INF-0004588,informal-Fraud-15,Fraud
INF-0005734,informal-Theft-14,Theft
SYN-0002737,Robbery-6-layout0,Robbery
INF-0014224,informal-Arson-14,Arson
SYN-0001652,Fraud-6-layout1,Fraud
INF-0008037,informal-Robbery-14,Robbery
SYN-0010486,Vandalism-6-layout1,Vandalism
INF-0018834,informal-Burglary-14,Burglary
INF-0040288,informal-Arson-14,Arson
INF-0022723,informal-Cybercrime-14,Cybercrime
SYN-0004276,Fraud-6-layout0,Fraud
INF-0008033,informal-Assault-14,Assault
INF-0040154,informal-Burglary-15,Burglary
INF-0008753,informal-Assault-14,Assault
INF-0025027,informal-Cybercrime-14,Cybercrime
INF-0022724,informal-Fraud-14,Fraud
INF-0008756,informal-Fraud-14,Fraud
INF-0002275,informal-Cybercrime-14,Cybercrime
INF-0021143,informal-Vandalism-14,Vandalism
INF-0026331,informal-Cybercrime-15,Cybercrime
INF-0027630,informal-Theft-15,Theft
INF-0037417,informal-Assault-15,Assault
INF-0036990,informal-Theft-15,Theft
INF-0002424,informal-Arson-15,Arson
INF-0015099,informal-Cybercrime-15,Cybercrime
INF-0032520,informal-Arson-15,Arson
INF-0014228,informal-Fraud-14,Fraud
INF-0037419,informal-Cybercrime-15,Cybercrime
INF-0022442,informal-Burglary-15,Burglary
INF-0007028,informal-Fraud-14,Fraud
INF-0040289,informal-Assault-14,Assault
INF-0022446,informal-Theft-15,Theft
INF-0004872,informal-Arson-15,Arson
INF-0004871,informal-Vandalism-14,Vandalism
INF-0007896,informal-Arson-15,Arson
INF-0020273,informal-Assault-14,Assault
INF-0009906,informal-Burglary-14,Burglary
SYN-0003380,Fraud-6-layout4,Fraud
INF-0014369,informal-Assault-14,Assault
